date,y
2019-05-17,1.599
2019-05-16,1.637
2019-05-15,1.621
2019-05-14,1.55
2019-05-13,1.563
2019-05-10,1.572
2019-05-09,1.508
2019-05-08,1.537
2019-05-07,1.563
2019-05-06,1.537
2019-04-30,1.64
2019-04-29,1.636
2019-04-26,1.623
2019-04-25,1.64
2019-04-24,1.655
2019-04-23,1.649
2019-04-22,1.637
2019-04-19,1.652
2019-04-18,1.632
2019-04-17,1.622
2019-04-16,1.606
2019-04-15,1.586
2019-04-12,1.591
2019-04-11,1.595
2019-04-10,1.633
2019-04-09,1.608
2019-04-08,1.599
2019-04-04,1.603
2019-04-03,1.568
2019-04-02,1.567
2019-04-01,1.586
2019-03-29,1.541
2019-03-28,1.477
2019-03-27,1.456
2019-03-26,1.424
2019-03-25,1.42
2019-03-22,1.448
2019-03-21,1.45
2019-03-20,1.454
2019-03-19,1.466
2019-03-18,1.47
2019-03-15,1.402
2019-03-14,1.362
2019-03-13,1.371
2019-03-12,1.4
2019-03-11,1.383
2019-03-08,1.351
2019-03-07,1.362
2019-03-06,1.391
2019-03-05,1.397
2019-03-04,1.386
2019-03-01,1.355
2019-02-28,1.318
2019-02-27,1.319
2019-02-26,1.322
2019-02-25,1.336
2019-02-22,1.306
2019-02-21,1.301
2019-02-20,1.297
2019-02-19,1.295
2019-02-18,1.3
2019-02-15,1.257
2019-02-14,1.267
2019-02-13,1.256
2019-02-12,1.25
2019-02-11,1.242
2019-02-01,1.191
2019-01-31,1.176
2019-01-30,1.164
2019-01-29,1.179
2019-01-28,1.167
2019-01-25,1.165
2019-01-24,1.16
2019-01-23,1.155
2019-01-22,1.145
2019-01-21,1.161
2019-01-18,1.153
2019-01-17,1.121
2019-01-16,1.124
2019-01-15,1.127
2019-01-14,1.093
2019-01-11,1.1
2019-01-10,1.087
2019-01-09,1.089
2019-01-08,1.072
2019-01-07,1.076
2019-01-04,1.065
2019-01-03,1.045
2019-01-02,1.06
2018-12-31,1.082
2018-12-28,1.082
2018-12-27,1.066
2018-12-26,1.069
2018-12-25,1.076
2018-12-24,1.078
2018-12-21,1.064
2018-12-20,1.075
2018-12-19,1.074
2018-12-18,1.096
2018-12-17,1.1
2018-12-14,1.106
2018-12-13,1.124
2018-12-12,1.105
2018-12-11,1.095
2018-12-10,1.093
2018-12-07,1.104
2018-12-06,1.113
2018-12-05,1.141
2018-12-04,1.131
2018-12-03,1.127
2018-11-30,1.09
2018-11-29,1.075
2018-11-28,1.076
2018-11-27,1.06
2018-11-26,1.067
2018-11-23,1.069
2018-11-22,1.083
2018-11-21,1.085
2018-11-20,1.079
2018-11-19,1.103
2018-11-16,1.097
2018-11-15,1.097
2018-11-14,1.095
2018-11-13,1.106
2018-11-12,1.077
2018-11-09,1.071
2018-11-08,1.079
2018-11-07,1.081
2018-11-06,1.088
2018-11-05,1.095
2018-11-02,1.109
2018-11-01,1.061
2018-10-31,1.041
2018-10-30,1.011
2018-10-29,1.024
2018-10-26,1.074
2018-10-25,1.093
2018-10-24,1.11
2018-10-23,1.127
2018-10-22,1.172
2018-10-19,1.126
2018-10-18,1.087
2018-10-17,1.115
2018-10-16,1.112
2018-10-15,1.122
2018-10-12,1.145
2018-10-11,1.117
2018-10-10,1.154
2018-10-09,1.172
2018-10-08,1.17
2018-09-28,1.221
2018-09-27,1.213
2018-09-26,1.217
2018-09-25,1.189
2018-09-21,1.191
2018-09-20,1.161
2018-09-19,1.157
2018-09-18,1.126
2018-09-17,1.102
2018-09-14,1.11
2018-09-13,1.101
2018-09-12,1.103
2018-09-11,1.121
2018-09-10,1.122
2018-09-07,1.129
2018-09-06,1.114
2018-09-05,1.133
2018-09-04,1.158
2018-09-03,1.15
2018-08-31,1.15
2018-08-30,1.174
2018-08-29,1.179
2018-08-28,1.184
2018-08-27,1.191
2018-08-24,1.155
2018-08-23,1.158
2018-08-22,1.156
2018-08-21,1.169
2018-08-20,1.133
2018-08-17,1.13
2018-08-16,1.148
2018-08-15,1.177
2018-08-14,1.212
2018-08-13,1.213
2018-08-10,1.219
2018-08-09,1.211
2018-08-08,1.171
2018-08-07,1.205
2018-08-06,1.179
2018-08-03,1.214
2018-08-02,1.244
2018-08-01,1.279
2018-07-31,1.312
2018-07-30,1.304
2018-07-27,1.327
2018-07-26,1.331
2018-07-25,1.343
2018-07-24,1.352
2018-07-23,1.323
2018-07-20,1.332
2018-07-19,1.327
2018-07-18,1.336
2018-07-17,1.349
2018-07-16,1.365
2018-07-13,1.363
2018-07-12,1.336
2018-07-11,1.309
2018-07-10,1.324
2018-07-09,1.319
2018-07-06,1.271
2018-07-05,1.26
2018-07-04,1.282
2018-07-03,1.298
2018-07-02,1.325
2018-06-30,1.35
2018-06-29,1.35
2018-06-28,1.308
2018-06-27,1.336
2018-06-26,1.374
2018-06-25,1.391
2018-06-22,1.391
2018-06-21,1.384
2018-06-20,1.396
2018-06-19,1.367
2018-06-15,1.415
2018-06-14,1.419
2018-06-13,1.448
2018-06-12,1.458
2018-06-11,1.412
2018-06-08,1.426
2018-06-07,1.439
2018-06-06,1.452
2018-06-05,1.448
2018-06-04,1.43
2018-06-01,1.406
2018-05-31,1.427
2018-05-30,1.39
2018-05-29,1.385
2018-05-28,1.396
2018-05-25,1.366
2018-05-24,1.357
2018-05-23,1.359
2018-05-22,1.381
2018-05-21,1.375
2018-05-18,1.381
2018-05-17,1.37
2018-05-16,1.386
2018-05-15,1.386
2018-05-14,1.376
2018-05-11,1.358
2018-05-10,1.371
2018-05-09,1.357
2018-05-08,1.355
2018-05-07,1.344
2018-05-04,1.309
2018-05-03,1.298
2018-05-02,1.285
2018-04-27,1.264
2018-04-26,1.27
2018-04-25,1.3
2018-04-24,1.288
2018-04-23,1.252
2018-04-20,1.265
2018-04-19,1.272
2018-04-18,1.252
2018-04-17,1.249
2018-04-16,1.276
2018-04-13,1.282
2018-04-12,1.298
2018-04-11,1.306
2018-04-10,1.293
2018-04-09,1.27
2018-04-04,1.28
2018-04-03,1.263
2018-04-02,1.256
2018-03-30,1.258
2018-03-29,1.25
2018-03-28,1.218
2018-03-27,1.257
2018-03-26,1.255
2018-03-23,1.252
2018-03-22,1.276
2018-03-21,1.302
2018-03-20,1.313
2018-03-19,1.314
2018-03-16,1.315
2018-03-15,1.329
2018-03-14,1.313
2018-03-13,1.311
2018-03-12,1.323
2018-03-09,1.325
2018-03-08,1.312
2018-03-07,1.287
2018-03-06,1.29
2018-03-05,1.28
2018-03-02,1.298
2018-03-01,1.302
2018-02-28,1.291
2018-02-27,1.303
2018-02-26,1.33
2018-02-23,1.329
2018-02-22,1.333
2018-02-14,1.298
2018-02-13,1.276
2018-02-12,1.266
2018-02-09,1.22
2018-02-08,1.254
2018-02-07,1.227
2018-02-06,1.273
2018-02-05,1.3
2018-02-02,1.334
2018-02-01,1.339
2018-01-31,1.371
2018-01-30,1.354
2018-01-29,1.361
2018-01-26,1.401
2018-01-25,1.391
2018-01-24,1.395
2018-01-23,1.408
2018-01-22,1.399
2018-01-19,1.349
2018-01-18,1.546
2018-01-17,1.537
2018-01-16,1.571
2018-01-15,1.557
2018-01-12,1.561
2018-01-11,1.545
2018-01-10,1.551
2018-01-09,1.539
2018-01-08,1.501
2018-01-05,1.484
2018-01-04,1.476
2018-01-03,1.461
2018-01-02,1.453
2017-12-31,1.444
2017-12-29,1.444
2017-12-28,1.447
2017-12-27,1.415
2017-12-26,1.442
2017-12-25,1.452
2017-12-22,1.453
2017-12-21,1.464
2017-12-20,1.452
2017-12-19,1.43
2017-12-18,1.416
2017-12-15,1.403
2017-12-14,1.417
2017-12-13,1.417
2017-12-12,1.382
2017-12-11,1.386
2017-12-08,1.343
2017-12-07,1.318
2017-12-06,1.342
2017-12-05,1.344
2017-12-04,1.35
2017-12-01,1.319
2017-11-30,1.314
2017-11-29,1.334
2017-11-28,1.356
2017-11-27,1.334
2017-11-24,1.364
2017-11-23,1.364
2017-11-22,1.425
2017-11-21,1.455
2017-11-20,1.425
2017-11-17,1.413
2017-11-16,1.43
2017-11-15,1.397
2017-11-14,1.395
2017-11-13,1.417
2017-11-10,1.422
2017-11-09,1.394
2017-11-08,1.387
2017-11-07,1.402
2017-11-06,1.404
2017-11-03,1.364
2017-11-02,1.37
2017-11-01,1.359
2017-10-31,1.365
2017-10-30,1.364
2017-10-27,1.363
2017-10-26,1.347
2017-10-25,1.334
2017-10-24,1.312
2017-10-23,1.303
2017-10-20,1.285
2017-10-19,1.294
2017-10-18,1.291
2017-10-17,1.279
2017-10-16,1.268
2017-10-13,1.279
2017-10-12,1.279
2017-10-11,1.276
2017-10-10,1.258
2017-10-09,1.243
2017-09-29,1.214
2017-09-28,1.206
2017-09-27,1.201
2017-09-26,1.199
2017-09-25,1.203
2017-09-22,1.2
2017-09-21,1.194
2017-09-20,1.193
2017-09-19,1.189
2017-09-18,1.2
2017-09-15,1.185
2017-09-14,1.177
2017-09-13,1.177
2017-09-12,1.159
2017-09-11,1.162
2017-09-08,1.158
2017-09-07,1.165
2017-09-06,1.175
2017-09-05,1.178
2017-09-04,1.174
2017-09-01,1.182
2017-08-31,1.18
2017-08-30,1.182
2017-08-29,1.172
2017-08-28,1.183
2017-08-25,1.173
2017-08-24,1.168
2017-08-23,1.17
2017-08-22,1.168
2017-08-21,1.17
2017-08-18,1.161
2017-08-17,1.163
2017-08-16,1.166
2017-08-15,1.17
2017-08-14,1.173
2017-08-11,1.157
2017-08-10,1.172
2017-08-09,1.176
2017-08-08,1.154
2017-08-07,1.149
2017-08-04,1.125
2017-08-03,1.131
2017-08-02,1.148
2017-08-01,1.156
2017-07-31,1.152
2017-07-28,1.153
2017-07-27,1.144
2017-07-26,1.148
2017-07-25,1.163
2017-07-24,1.173
2017-07-21,1.154
2017-07-20,1.152
2017-07-19,1.138
2017-07-18,1.126
2017-07-17,1.128
2017-07-14,1.147
2017-07-13,1.146
2017-07-12,1.147
2017-07-11,1.155
2017-07-10,1.137
2017-07-07,1.134
2017-07-06,1.147
2017-07-05,1.153
2017-07-04,1.137
2017-07-03,1.155
2017-06-30,1.172
2017-06-29,1.162
2017-06-28,1.16
2017-06-27,1.179
2017-06-26,1.179
2017-06-23,1.162
2017-06-22,1.147
2017-06-21,1.155
2017-06-20,1.131
2017-06-19,1.134
2017-06-16,1.12
2017-06-15,1.125
2017-06-14,1.126
2017-06-13,1.144
2017-06-12,1.144
2017-06-09,1.133
2017-06-08,1.128
2017-06-07,1.114
2017-06-06,1.093
2017-06-05,1.075
2017-06-02,1.079
2017-06-01,1.088
2017-05-31,1.083
2017-05-26,1.085
2017-05-25,1.083
2017-05-24,1.085
2017-05-23,1.094
2017-05-22,1.081
2017-05-19,1.075
2017-05-18,1.067
2017-05-17,1.069
2017-05-16,1.081
2017-05-15,1.059
2017-05-12,1.055
2017-05-11,1.051
2017-05-10,1.032
2017-05-09,1.031
2017-05-08,1.025
2017-05-05,1.051
2017-05-04,1.054
2017-05-03,1.055
2017-05-02,1.055
2017-04-28,1.055
2017-04-27,1.065
2017-04-26,1.062
2017-04-25,1.068
2017-04-24,1.043
2017-04-21,1.054
2017-04-20,1.056
2017-04-19,1.038
2017-04-18,1.034
2017-04-17,1.018
2017-04-14,1.009
2017-04-13,1.018
2017-04-12,1.009
2017-04-11,1.009
2017-04-10,1.016
2017-04-07,1.022
2017-04-06,1.019
2017-04-05,1.019
2017-03-31,1.019
2017-03-30,1.005
2017-03-29,1.013
2017-03-28,1.01
2017-03-27,1.012
2017-03-24,1.024
2017-03-23,1.021
2017-03-22,1.022
2017-03-21,1.006
2017-03-20,0.993
2017-03-17,0.989
2017-03-16,0.994
2017-03-15,0.995
2017-03-14,0.989
2017-03-13,0.994
2017-03-10,0.982
2017-03-09,0.974
2017-03-08,0.981
2017-03-07,0.986
2017-03-06,0.976
2017-03-03,0.962
2017-03-02,0.956
2017-03-01,0.96
2017-02-28,0.957
2017-02-27,0.954
2017-02-24,0.966
2017-02-23,0.968
2017-02-22,0.966
2017-02-21,0.964
2017-02-20,0.959
2017-02-17,0.935
2017-02-16,0.934
2017-02-15,0.927
2017-02-14,0.934
2017-02-13,0.935
2017-02-10,0.926
2017-02-09,0.928
2017-02-08,0.925
2017-02-07,0.921
2017-02-06,0.924
2017-02-03,0.916
2017-01-26,0.92
2017-01-25,0.917
2017-01-24,0.914
2017-01-23,0.915
2017-01-20,0.913
2017-01-19,0.904
2017-01-18,0.905
2017-01-17,0.905
2017-01-16,0.9
2017-01-13,0.911
2017-01-12,0.914
2017-01-11,0.919
2017-01-10,0.927
2017-01-09,0.932
2017-01-06,0.932
2017-01-05,0.937
2017-01-04,0.94
2017-01-03,0.929
2016-12-31,0.924
2016-12-30,0.924
2016-12-29,0.92
2016-12-28,0.917
2016-12-27,0.919
2016-12-26,0.92
2016-12-23,0.916
2016-12-22,0.924
2016-12-21,0.928
2016-12-20,0.922
2016-12-19,0.922
2016-12-16,0.924
2016-12-15,0.914
2016-12-14,0.921
2016-12-13,0.93
2016-12-12,0.924
2016-12-09,0.948
2016-12-08,0.951
2016-12-07,0.954
2016-12-06,0.951
2016-12-05,0.949
2016-12-02,0.948
2016-12-01,0.956
2016-11-30,0.953
2016-11-29,0.963
2016-11-28,0.958
2016-11-25,0.956
2016-11-24,0.952
2016-11-23,0.955
2016-11-22,0.96
2016-11-21,0.953
2016-11-18,0.953
2016-11-17,0.956
2016-11-16,0.957
2016-11-15,0.957
2016-11-14,0.95
2016-11-11,0.951
2016-11-10,0.955
2016-11-09,0.951
2016-11-08,0.957
2016-11-07,0.947
2016-11-04,0.951
2016-11-03,0.959
2016-11-02,0.96
2016-11-01,0.967
2016-10-31,0.957
2016-10-28,0.958
2016-10-27,0.959
2016-10-26,0.962
2016-10-25,0.964
2016-10-24,0.957
2016-10-21,0.951
2016-10-20,0.957
2016-10-19,0.955
2016-10-18,0.961
2016-10-17,0.956
2016-10-14,0.961
2016-10-13,0.968
2016-10-12,0.968
2016-10-11,0.967
2016-10-10,0.967
2016-09-30,0.955
2016-09-29,0.949
2016-09-28,0.944
2016-09-27,0.94
2016-09-26,0.932
2016-09-23,0.94
2016-09-22,0.943
2016-09-21,0.94
2016-09-20,0.938
2016-09-19,0.94
2016-09-14,0.935
2016-09-13,0.942
2016-09-12,0.937
2016-09-09,0.953
2016-09-08,0.96
2016-09-07,0.96
2016-09-06,0.964
2016-09-05,0.954
2016-09-02,0.949
2016-09-01,0.959
2016-08-31,0.961
2016-08-30,0.963
2016-08-29,0.964
2016-08-26,0.962
2016-08-25,0.958
2016-08-24,0.964
2016-08-23,0.964
2016-08-22,0.961
2016-08-19,0.96
2016-08-18,0.959
2016-08-17,0.963
2016-08-16,0.963
2016-08-15,0.961
2016-08-12,0.949
2016-08-11,0.947
2016-08-10,0.955
2016-08-09,0.957
2016-08-08,0.949
2016-08-05,0.943
2016-08-04,0.943
2016-08-03,0.938
2016-08-02,0.936
2016-08-01,0.933
2016-07-29,0.947
2016-07-28,0.945
2016-07-27,0.936
2016-07-26,0.952
2016-07-25,0.94
2016-07-22,0.937
2016-07-21,0.946
2016-07-20,0.944
2016-07-19,0.944
2016-07-18,0.948
2016-07-15,0.95
2016-07-14,0.946
2016-07-13,0.947
2016-07-12,0.945
2016-07-11,0.932
2016-07-08,0.936
2016-07-07,0.938
2016-07-06,0.94
2016-07-05,0.933
2016-07-04,0.931
2016-07-01,0.919
2016-06-30,0.918
2016-06-29,0.915
2016-06-28,0.91
2016-06-27,0.906
2016-06-24,0.892
2016-06-23,0.898
2016-06-22,0.902
2016-06-21,0.893
2016-06-20,0.9
2016-06-17,0.895
2016-06-16,0.888
2016-06-15,0.896
2016-06-14,0.874
2016-06-13,0.873
2016-06-08,0.902
2016-06-07,0.908
2016-06-06,0.908
2016-06-03,0.903
2016-06-02,0.892
2016-06-01,0.892
2016-05-31,0.891
2016-05-30,0.858
2016-05-27,0.865
2016-05-26,0.864
2016-05-25,0.857
2016-05-24,0.865
2016-05-23,0.875
2016-05-20,0.864
2016-05-19,0.856
2016-05-18,0.853
2016-05-17,0.875
2016-05-16,0.881
2016-05-13,0.864
2016-05-12,0.867
2016-05-11,0.867
2016-05-10,0.861
2016-05-09,0.857
2016-05-06,0.876
2016-05-05,0.9
2016-05-04,0.9
2016-05-03,0.9
2016-04-29,0.869
2016-04-28,0.869
2016-04-27,0.867
2016-04-26,0.866
2016-04-25,0.862
2016-04-22,0.866
2016-04-21,0.852
2016-04-20,0.863
2016-04-19,0.899
2016-04-18,0.891
2016-04-15,0.9
2016-04-14,0.902
2016-04-13,0.896
2016-04-12,0.89
2016-04-11,0.895
2016-04-08,0.874
2016-04-07,0.881
2016-04-06,0.898
2016-04-05,0.894
2016-04-01,0.873
2016-03-31,0.879
2016-03-30,0.874
2016-03-29,0.843
2016-03-28,0.862
2016-03-25,0.865
2016-03-24,0.862
2016-03-23,0.871
2016-03-22,0.865
2016-03-21,0.862
2016-03-18,0.848
2016-03-17,0.823
2016-03-16,0.796
2016-03-15,0.803
2016-03-14,0.809
2016-03-11,0.782
2016-03-10,0.781
2016-03-09,0.79
2016-03-08,0.803
2016-03-07,0.797
2016-03-04,0.781
2016-03-03,0.801
2016-03-02,0.801
2016-03-01,0.767
2016-02-29,0.752
2016-02-26,0.792
2016-02-25,0.785
2016-02-24,0.844
2016-02-23,0.85
2016-02-22,0.854
2016-02-19,0.84
2016-02-18,0.836
2016-02-17,0.838
2016-02-16,0.831
2016-02-15,0.792
2016-02-05,0.797
2016-02-04,0.804
2016-02-03,0.793
2016-02-02,0.791
2016-02-01,0.763
2016-01-29,0.761
2016-01-28,0.73
2016-01-27,0.758
2016-01-26,0.766
2016-01-25,0.825
2016-01-22,0.815
2016-01-21,0.807
2016-01-20,0.847
2016-01-19,0.859
2016-01-18,0.83
2016-01-15,0.82
2016-01-14,0.842
2016-01-13,0.817
2016-01-12,0.843
2016-01-11,0.843
2016-01-08,0.899
2016-01-07,0.887
2016-01-06,0.957
2016-01-05,0.937
2016-01-04,0.942
2015-12-31,1.014
2015-12-30,1.028
2015-12-29,1.026
2015-12-28,1.016
2015-12-25,1.027
2015-12-24,1.026
2015-12-23,1.027
2015-12-22,1.033
2015-12-21,1.028
2015-12-18,1.01
2015-12-17,1.015
2015-12-16,0.995
2015-12-15,0.99
2015-12-14,0.983
2015-12-11,0.973
2015-12-10,0.979
2015-12-09,0.98
2015-12-08,0.986
2015-12-07,0.997
2015-12-04,0.989
2015-12-03,0.995
2015-12-02,0.979
2015-12-01,0.981
2015-11-30,0.98
2015-11-27,0.976
2015-11-26,1.018
2015-11-25,1.027
2015-11-24,1.012
2015-11-23,1.01
2015-11-20,1.017
2015-11-19,1.015
2015-11-18,1.003
2015-11-17,1.012
2015-11-16,1.022
2015-11-13,1.009
2015-11-12,1.029
2015-11-11,1.034
2015-11-10,1.027
2015-11-09,1.024
2015-11-06,1.015
2015-11-05,1.0
2015-11-04,1.008
2015-11-03,0.97
2015-11-02,0.971
2015-10-30,0.979
2015-10-29,0.979
2015-10-28,0.973
2015-10-27,0.988
2015-10-26,0.987
2015-10-23,0.974
2015-10-22,0.958
2015-10-21,0.934
2015-10-20,0.977
2015-10-19,0.958
2015-10-16,0.968
2015-10-15,0.966
2015-10-14,0.944
2015-10-13,0.953
2015-10-12,0.946
2015-10-09,0.917
2015-10-08,0.903
2015-09-30,0.868
2015-09-29,0.861
2015-09-28,0.869
2015-09-25,0.854
2015-09-24,0.881
2015-09-23,0.871
2015-09-22,0.88
2015-09-21,0.875
2015-09-18,0.844
2015-09-17,0.836
2015-09-16,0.836
2015-09-15,0.786
2015-09-14,0.809
2015-09-11,0.858
2015-09-10,0.853
2015-09-09,0.866
2015-09-08,0.838
2015-09-07,0.804
2015-09-02,0.801
2015-09-01,0.812
2015-08-31,0.857
2015-08-28,0.884
2015-08-27,0.839
2015-08-26,0.806
2015-08-25,0.823
2015-08-24,0.877
2015-08-21,0.943
2015-08-20,0.988
2015-08-19,1.016
2015-08-18,0.994
2015-08-17,1.056
2015-08-14,1.048
2015-08-13,1.051
2015-08-12,1.036
2015-08-11,1.058
2015-08-10,1.055
2015-08-07,0.997
2015-08-06,0.962
2015-08-05,0.962
2015-08-04,0.963
2015-08-03,0.904
2015-07-31,0.953
2015-07-30,0.957
2015-07-29,0.984
2015-07-28,0.938
2015-07-27,0.957
2015-07-24,1.042
2015-07-23,1.068
2015-07-22,1.035
2015-07-21,1.028
2015-07-20,1.016
2015-07-17,0.992
2015-07-16,0.935
2015-07-15,0.905
2015-07-14,0.962
2015-07-13,0.955
2015-07-10,0.891
2015-07-09,0.834
2015-07-08,0.783
2015-07-07,0.814
2015-07-06,0.873
2015-07-03,0.903
2015-07-02,0.946
2015-07-01,1.006
2015-06-30,1.053
2015-06-29,1.006
2015-06-26,1.083
2015-06-25,1.19
2015-06-24,1.255
2015-06-23,1.234
2015-06-19,1.209
2015-06-18,1.275
2015-06-17,1.332
2015-06-16,1.305
2015-06-15,1.349
2015-06-12,1.39
2015-06-11,1.385
2015-06-10,1.365
2015-06-09,1.327
2015-06-08,1.324
2015-06-05,1.368
2015-06-04,1.361
2015-06-03,1.383
2015-06-02,1.389
2015-06-01,1.338
2015-05-29,1.268
2015-05-28,1.249
2015-05-27,1.317
2015-05-26,1.3
2015-05-25,1.261
2015-05-22,1.237
2015-05-21,1.223
2015-05-20,1.183
2015-05-19,1.17
2015-05-18,1.145
2015-05-15,1.13
2015-05-14,1.137
2015-05-13,1.149
2015-05-12,1.144
2015-05-11,1.111
2015-05-08,1.061
2015-05-07,1.021
2015-05-06,1.041
2015-05-05,1.039
2015-05-04,1.063
2015-04-30,1.045
2015-04-29,1.039
2015-04-28,1.012
2015-04-27,1.047
2015-04-24,1.048
2015-04-23,1.048
2015-04-22,1.048
2015-04-21,1.029
2015-04-20,1.001
2015-04-17,1.025
2015-04-16,1.012
2015-04-15,1.003
2015-04-14,1.037
2015-04-13,1.042
2015-04-10,1.038
2015-04-09,1.017
2015-04-08,1.031
2015-04-07,1.044
2015-04-03,1.023
2015-04-02,1.007
2015-04-01,1.0
2015-03-31,0.984
2015-03-30,0.983
2015-03-27,0.963
2015-03-26,0.945
2015-03-25,0.949
2015-03-24,0.941
2015-03-23,0.931
2015-03-20,0.905
2015-03-19,0.882
2015-03-18,0.891
2015-03-17,0.875
2015-03-16,0.873
2015-03-13,0.849
2015-03-12,0.84
2015-03-11,0.823
2015-03-10,0.823
2015-03-09,0.821
2015-03-06,0.809
2015-03-05,0.827
2015-03-04,0.832
2015-03-03,0.827
2015-03-02,0.846
2015-02-27,0.834
2015-02-26,0.824
2015-02-25,0.815
2015-02-17,0.827
2015-02-16,0.821
2015-02-13,0.809
2015-02-12,0.798
2015-02-11,0.795
2015-02-10,0.783
2015-02-09,0.77
2015-02-06,0.769
2015-02-05,0.777
2015-02-04,0.785
2015-02-03,0.793
2015-02-02,0.772
2015-01-30,0.784
2015-01-29,0.792
2015-01-28,0.799
2015-01-27,0.809
2015-01-26,0.818
2015-01-23,0.814
2015-01-22,0.813
2015-01-21,0.805
2015-01-20,0.772
2015-01-19,0.758
2015-01-16,0.792
2015-01-15,0.786
2015-01-14,0.764
2015-01-13,0.767
2015-01-12,0.762
2015-01-09,0.762
2015-01-08,0.757
2015-01-07,0.771
2015-01-06,0.773
2015-01-05,0.775
2014-12-31,0.76
2014-12-30,0.738
2014-12-29,0.741
2014-12-26,0.733
2014-12-25,0.714
2014-12-24,0.7
2014-12-23,0.71
2014-12-22,0.713
2014-12-19,0.718
2014-12-18,0.734
2014-12-17,0.737
2014-12-16,0.735
2014-12-15,0.726
2014-12-12,0.722
2014-12-11,0.72
2014-12-10,0.723
2014-12-09,0.699
2014-12-08,0.741
2014-12-05,0.739
2014-12-04,0.755
2014-12-03,0.746
2014-12-02,0.738
2014-12-01,0.731
2014-11-28,0.745
2014-11-27,0.752
2014-11-26,0.749
2014-11-25,0.746
2014-11-24,0.737
2014-11-21,0.732
2014-11-20,0.728
2014-11-19,0.729
2014-11-18,0.724
2014-11-17,0.722
2014-11-14,0.714
2014-11-13,0.714
2014-11-12,0.726
2014-11-11,0.718
2014-11-10,0.742
2014-11-07,0.742
2014-11-06,0.751
2014-11-05,0.744
2014-11-04,0.747
2014-11-03,0.753
2014-10-31,0.748
2014-10-30,0.752
2014-10-29,0.754
2014-10-28,0.747
2014-10-27,0.733
2014-10-24,0.727
2014-10-23,0.726
2014-10-22,0.733
2014-10-21,0.741
2014-10-20,0.745
2014-10-17,0.735
2014-10-16,0.735
2014-10-15,0.746
2014-10-14,0.745
2014-10-13,0.749
2014-10-10,0.751
2014-10-09,0.756
2014-10-08,0.758
2014-09-30,0.751
2014-09-29,0.745
2014-09-26,0.739
2014-09-25,0.736
2014-09-24,0.734
2014-09-23,0.727
2014-09-22,0.722
2014-09-19,0.729
2014-09-18,0.723
2014-09-17,0.72
2014-09-16,0.715
2014-09-15,0.74
2014-09-12,0.733
2014-09-11,0.721
2014-09-10,0.72
2014-09-09,0.716
2014-09-05,0.714
2014-09-04,0.709
2014-09-03,0.705
2014-09-02,0.702
2014-09-01,0.694
2014-08-29,0.685
2014-08-28,0.679
2014-08-27,0.683
2014-08-26,0.682
2014-08-25,0.691
2014-08-22,0.694
2014-08-21,0.69
2014-08-20,0.69
2014-08-19,0.691
2014-08-18,0.692
2014-08-15,0.689
2014-08-14,0.683
2014-08-13,0.691
2014-08-12,0.694
2014-08-11,0.695
2014-08-08,0.683
2014-08-07,0.681
2014-08-06,0.689
2014-08-05,0.687
2014-08-04,0.686
2014-08-01,0.68
2014-07-31,0.684
2014-07-30,0.678
2014-07-29,0.68
2014-07-28,0.678
2014-07-25,0.67
2014-07-24,0.664
2014-07-23,0.666
2014-07-22,0.671
2014-07-21,0.663
2014-07-18,0.662
2014-07-17,0.663
2014-07-16,0.666
2014-07-15,0.67
2014-07-14,0.672
2014-07-11,0.664
2014-07-10,0.661
2014-07-09,0.663
2014-07-08,0.673
2014-07-07,0.671
2014-07-04,0.673
2014-07-03,0.674
2014-07-02,0.672
2014-07-01,0.67
2014-06-30,0.671
2014-06-27,0.665
2014-06-26,0.663
2014-06-25,0.657
2014-06-24,0.658
2014-06-23,0.653
2014-06-20,0.652
2014-06-19,0.646
2014-06-18,0.656
2014-06-17,0.659
2014-06-16,0.667
2014-06-13,0.665
2014-06-12,0.659
2014-06-11,0.66
2014-06-10,0.66
2014-06-09,0.654
2014-06-06,0.657
2014-06-05,0.657
2014-06-04,0.652
2014-06-03,0.654
2014-05-30,0.655
2014-05-29,0.655
2014-05-28,0.661
2014-05-27,0.657
2014-05-26,0.659
2014-05-23,0.653
2014-05-22,0.649
2014-05-21,0.647
2014-05-20,0.642
2014-05-19,0.639
2014-05-16,0.644
2014-05-15,0.649
2014-05-14,0.656
2014-05-13,0.655
2014-05-12,0.656
2014-05-09,0.646
2014-05-08,0.651
2014-05-07,0.653
2014-05-06,0.662
2014-05-05,0.657
2014-04-30,0.652
2014-04-29,0.649
2014-04-28,0.642
2014-04-25,0.657
2014-04-24,0.669
2014-04-23,0.671
2014-04-22,0.677
2014-04-21,0.683
2014-04-18,0.689
2014-04-17,0.688
2014-04-16,0.687
2014-04-15,0.687
2014-04-14,0.694
2014-04-11,0.689
2014-04-10,0.691
2014-04-09,0.683
2014-04-08,0.679
2014-04-04,0.678
2014-04-03,0.674
2014-04-02,0.675
2014-04-01,0.679
2014-03-31,0.668
2014-03-28,0.667
2014-03-27,0.681
2014-03-26,0.695
2014-03-25,0.688
2014-03-24,0.688
2014-03-21,0.69
2014-03-20,0.688
2014-03-19,0.716
2014-03-18,0.724
2014-03-17,0.72
2014-03-14,0.707
2014-03-13,0.712
2014-03-12,0.697
2014-03-11,0.695
2014-03-10,0.702
2014-03-07,0.726
2014-03-06,0.728
2014-03-05,0.734
2014-03-04,0.737
2014-03-03,0.737
2014-02-28,0.724
2014-02-27,0.714
2014-02-26,0.739
2014-02-25,0.742
2014-02-24,0.771
2014-02-21,0.767
2014-02-20,0.77
2014-02-19,0.782
2014-02-18,0.786
2014-02-17,0.791
2014-02-14,0.775
2014-02-13,0.76
2014-02-12,0.784
2014-02-11,0.787
2014-02-10,0.796
2014-02-07,0.779
2014-01-30,0.771
2014-01-29,0.771
2014-01-28,0.757
2014-01-27,0.759
2014-01-24,0.763
2014-01-23,0.758
2014-01-22,0.751
2014-01-21,0.738
2014-01-20,0.724
2014-01-17,0.735
2014-01-16,0.746
2014-01-15,0.753
2014-01-14,0.748
2014-01-13,0.734
2014-01-10,0.733
2014-01-09,0.74
2014-01-08,0.749
2014-01-07,0.738
2014-01-06,0.73
2014-01-03,0.746
2014-01-02,0.75
2013-12-31,0.747
2013-12-30,0.741
2013-12-27,0.737
2013-12-26,0.728
2013-12-25,0.74
2013-12-24,0.734
2013-12-23,0.731
2013-12-20,0.728
2013-12-19,0.736
2013-12-18,0.738
2013-12-17,0.738
2013-12-16,0.741
2013-12-13,0.754
2013-12-12,0.75
2013-12-11,0.749
2013-12-10,0.755
2013-12-09,0.754
2013-12-06,0.747
2013-12-05,0.75
2013-12-04,0.75
2013-12-03,0.74
2013-12-02,0.727
2013-11-29,0.751
2013-11-28,0.748
2013-11-27,0.741
2013-11-26,0.738
2013-11-25,0.735
2013-11-22,0.736
2013-11-21,0.738
2013-11-20,0.74
2013-11-19,0.735
2013-11-18,0.732
2013-11-15,0.718
2013-11-14,0.707
2013-11-13,0.701
2013-11-12,0.714
2013-11-11,0.71
2013-11-08,0.706
2013-11-07,0.717
2013-11-06,0.728
2013-11-05,0.736
2013-11-04,0.727
2013-11-01,0.724
2013-10-31,0.728
2013-10-30,0.751
2013-10-29,0.74
2013-10-28,0.742
2013-10-25,0.734
2013-10-24,0.757
2013-10-23,0.762
2013-10-22,0.798
2013-10-21,0.825
2013-10-18,0.8
2013-10-17,0.782
2013-10-16,0.791
2013-10-15,0.808
2013-10-14,0.817
2013-10-11,0.808
2013-10-10,0.797
2013-10-09,0.814
2013-10-08,0.808
2013-09-30,0.799
2013-09-27,0.774
2013-09-26,0.768
2013-09-25,0.779
2013-09-24,0.789
2013-09-23,0.783
2013-09-18,0.761
2013-09-17,0.748
2013-09-16,0.757
2013-09-13,0.749
2013-09-12,0.736
2013-09-11,0.732
2013-09-10,0.752
2013-09-09,0.761
2013-09-06,0.764
2013-09-05,0.76
2013-09-04,0.748
2013-09-03,0.746
2013-09-02,0.733
2013-08-30,0.72
2013-08-29,0.739
2013-08-28,0.74
2013-08-27,0.753
2013-08-26,0.753
2013-08-23,0.742
2013-08-22,0.738
2013-08-21,0.734
2013-08-20,0.734
2013-08-19,0.735
2013-08-16,0.722
2013-08-15,0.736
2013-08-14,0.744
2013-08-13,0.744
2013-08-12,0.745
2013-08-09,0.747
2013-08-08,0.752
2013-08-07,0.749
2013-08-06,0.762
2013-08-05,0.757
2013-08-02,0.745
2013-08-01,0.741
2013-07-31,0.72
2013-07-30,0.718
2013-07-29,0.726
2013-07-26,0.744
2013-07-25,0.744
2013-07-24,0.761
2013-07-23,0.755
2013-07-22,0.738
2013-07-19,0.73
2013-07-18,0.743
2013-07-17,0.747
2013-07-16,0.756
2013-07-15,0.756
2013-07-12,0.738
2013-07-11,0.737
2013-07-10,0.723
2013-07-09,0.712
2013-07-08,0.708
2013-07-05,0.726
2013-07-04,0.732
2013-07-03,0.736
2013-07-02,0.731
2013-07-01,0.721
2013-06-30,0.701
2013-06-28,0.701
2013-06-27,0.695
2013-06-26,0.702
2013-06-25,0.679
2013-06-24,0.677
2013-06-21,0.708
2013-06-20,0.71
2013-06-19,0.731
2013-06-18,0.735
2013-06-17,0.735
2013-06-14,0.733
2013-06-13,0.716
2013-06-07,0.73
2013-06-06,0.733
2013-06-05,0.742
2013-06-04,0.737
2013-06-03,0.757
2013-05-31,0.767
2013-05-30,0.778
2013-05-29,0.778
2013-05-28,0.775
2013-05-27,0.782
2013-05-24,0.772
2013-05-23,0.758
2013-05-22,0.76
2013-05-21,0.778
2013-05-20,0.77
2013-05-17,0.756
2013-05-16,0.746
2013-05-15,0.74
2013-05-14,0.725
2013-05-13,0.733
2013-05-10,0.733
2013-05-09,0.739
2013-05-08,0.74
2013-05-07,0.73
2013-05-06,0.734
2013-05-03,0.725
2013-05-02,0.711
2013-04-26,0.694
2013-04-25,0.706
2013-04-24,0.719
2013-04-23,0.701
2013-04-22,0.716
2013-04-19,0.704
2013-04-18,0.692
2013-04-17,0.691
2013-04-16,0.678
2013-04-15,0.67
2013-04-12,0.674
2013-04-11,0.676
2013-04-10,0.675
2013-04-09,0.679
2013-04-08,0.674
2013-04-03,0.661
2013-04-02,0.669
2013-04-01,0.687
2013-03-29,0.679
2013-03-28,0.678
2013-03-27,0.69
2013-03-26,0.687
2013-03-25,0.686
2013-03-22,0.686
2013-03-21,0.688
2013-03-20,0.679
2013-03-19,0.664
2013-03-18,0.665
2013-03-15,0.668
2013-03-14,0.663
2013-03-13,0.653
2013-03-12,0.659
2013-03-11,0.674
2013-03-08,0.67
2013-03-07,0.679
2013-03-06,0.69
2013-03-05,0.682
2013-03-04,0.667
2013-03-01,0.691
2013-02-28,0.682
2013-02-27,0.673
2013-02-26,0.675
2013-02-25,0.683
2013-02-22,0.672
2013-02-21,0.676
2013-02-20,0.683
2013-02-19,0.665
2013-02-18,0.677
2013-02-08,0.677
2013-02-07,0.668
2013-02-06,0.662
2013-02-05,0.655
2013-02-04,0.647
2013-02-01,0.655
2013-01-31,0.649
2013-01-30,0.656
2013-01-29,0.657
2013-01-28,0.653
2013-01-25,0.638
2013-01-24,0.634
2013-01-23,0.648
2013-01-22,0.647
2013-01-21,0.657
2013-01-18,0.655
2013-01-17,0.644
2013-01-16,0.648
2013-01-15,0.649
2013-01-14,0.639
2013-01-11,0.622
2013-01-10,0.63
2013-01-09,0.63
2013-01-08,0.628
2013-01-07,0.621
2013-01-04,0.617
2012-12-31,0.622
2012-12-28,0.617
2012-12-27,0.612
2012-12-26,0.615
2012-12-25,0.61
2012-12-24,0.599
2012-12-21,0.592
2012-12-20,0.59
2012-12-19,0.589
2012-12-18,0.586
2012-12-17,0.592
2012-12-14,0.596
2012-12-13,0.58
2012-12-12,0.583
2012-12-11,0.584
2012-12-10,0.587
2012-12-07,0.582
2012-12-06,0.576
2012-12-05,0.578
2012-12-04,0.565
2012-12-03,0.559
2012-11-30,0.564
2012-11-29,0.558
2012-11-28,0.559
2012-11-27,0.565
2012-11-26,0.572
2012-11-23,0.578
2012-11-22,0.576
2012-11-21,0.58
2012-11-20,0.577
2012-11-19,0.577
2012-11-16,0.578
2012-11-15,0.581
2012-11-14,0.584
2012-11-13,0.585
2012-11-12,0.593
2012-11-09,0.592
2012-11-08,0.596
2012-11-07,0.605
2012-11-06,0.607
2012-11-05,0.609
2012-11-02,0.614
2012-11-01,0.614
2012-10-31,0.606
2012-10-30,0.602
2012-10-29,0.6
2012-10-26,0.6
2012-10-25,0.608
2012-10-24,0.612
2012-10-23,0.614
2012-10-22,0.623
2012-10-19,0.622
2012-10-18,0.623
2012-10-17,0.615
2012-10-16,0.615
2012-10-15,0.612
2012-10-12,0.612
2012-10-11,0.614
2012-10-10,0.622
2012-10-09,0.62
2012-10-08,0.608
2012-09-30,0.611
2012-09-28,0.611
2012-09-27,0.603
2012-09-26,0.592
2012-09-25,0.6
2012-09-24,0.6
2012-09-21,0.597
2012-09-20,0.598
2012-09-19,0.611
2012-09-18,0.609
2012-09-17,0.61
2012-09-14,0.623
2012-09-13,0.623
2012-09-12,0.629
2012-09-11,0.627
2012-09-10,0.63
2012-09-07,0.629
2012-09-06,0.613
2012-09-05,0.609
2012-09-04,0.607
2012-09-03,0.61
2012-08-31,0.598
2012-08-30,0.595
2012-08-29,0.602
2012-08-28,0.606
2012-08-27,0.606
2012-08-24,0.613
2012-08-23,0.621
2012-08-22,0.622
2012-08-21,0.623
2012-08-20,0.617
2012-08-17,0.617
2012-08-16,0.62
2012-08-15,0.624
2012-08-14,0.627
2012-08-13,0.626
2012-08-10,0.643
2012-08-09,0.646
2012-08-08,0.638
2012-08-07,0.64
2012-08-06,0.641
2012-08-03,0.633
2012-08-02,0.629
2012-08-01,0.641
2012-07-31,0.635
2012-07-30,0.633
2012-07-27,0.641
2012-07-26,0.645
2012-07-25,0.652
2012-07-24,0.659
2012-07-23,0.653
2012-07-20,0.664
2012-07-19,0.672
2012-07-18,0.664
2012-07-17,0.671
2012-07-16,0.666
2012-07-13,0.683
2012-07-12,0.684
2012-07-11,0.677
2012-07-10,0.67
2012-07-09,0.676
2012-07-06,0.688
2012-07-05,0.673
2012-07-04,0.685
2012-07-03,0.689
2012-07-02,0.682
2012-06-30,0.678
2012-06-29,0.678
2012-06-28,0.666
2012-06-27,0.67
2012-06-26,0.669
2012-06-25,0.665
2012-06-21,0.691
2012-06-20,0.703
2012-06-19,0.704
2012-06-18,0.711
2012-06-15,0.707
2012-06-14,0.709
2012-06-13,0.714
2012-06-12,0.697
2012-06-11,0.697
2012-06-08,0.686
2012-06-07,0.69
2012-06-06,0.691
2012-06-05,0.695
2012-06-04,0.698
2012-06-01,0.721
2012-05-31,0.723
2012-05-30,0.725
2012-05-29,0.725
2012-05-28,0.715
2012-05-25,0.706
2012-05-24,0.714
2012-05-23,0.723
2012-05-22,0.725
2012-05-21,0.716
2012-05-18,0.714
2012-05-17,0.723
2012-05-16,0.712
2012-05-15,0.722
2012-05-14,0.722
2012-05-11,0.731
2012-05-10,0.737
2012-05-09,0.737
2012-05-08,0.75
2012-05-07,0.753
2012-05-04,0.756
2012-05-03,0.75
2012-05-02,0.745
2012-04-27,0.727
2012-04-26,0.73
2012-04-25,0.731
2012-04-24,0.727
2012-04-23,0.729
2012-04-20,0.737
2012-04-19,0.727
2012-04-18,0.721
2012-04-17,0.704
2012-04-16,0.714
2012-04-13,0.718
2012-04-12,0.713
2012-04-11,0.696
2012-04-10,0.699
2012-04-09,0.694
2012-04-06,0.699
2012-04-05,0.697
2012-03-31,0.679
2012-03-30,0.679
2012-03-29,0.677
2012-03-28,0.69
2012-03-27,0.715
2012-03-26,0.717
2012-03-23,0.714
2012-03-22,0.726
2012-03-21,0.732
2012-03-20,0.729
2012-03-19,0.744
2012-03-16,0.741
2012-03-15,0.731
2012-03-14,0.735
2012-03-13,0.756
2012-03-12,0.748
2012-03-09,0.752
2012-03-08,0.741
2012-03-07,0.729
2012-03-06,0.736
2012-03-05,0.751
2012-03-02,0.755
2012-03-01,0.74
2012-02-29,0.741
2012-02-28,0.749
2012-02-27,0.753
2012-02-24,0.752
2012-02-23,0.742
2012-02-22,0.738
2012-02-21,0.728
2012-02-20,0.721
2012-02-17,0.72
2012-02-16,0.72
2012-02-15,0.726
2012-02-14,0.719
2012-02-13,0.723
2012-02-10,0.722
2012-02-09,0.723
2012-02-08,0.723
2012-02-07,0.696
2012-02-06,0.708
2012-02-03,0.708
2012-02-02,0.704
2012-02-01,0.686
2012-01-31,0.697
2012-01-30,0.696
2012-01-20,0.707
2012-01-19,0.698
2012-01-18,0.685
2012-01-17,0.696
2012-01-16,0.657
2012-01-13,0.674
2012-01-12,0.688
2012-01-11,0.689
2012-01-10,0.693
2012-01-09,0.67
2012-01-06,0.642
2012-01-05,0.638
2012-01-04,0.65
2011-12-31,0.665
2011-12-30,0.665
2011-12-29,0.654
2011-12-28,0.651
2011-12-27,0.653
2011-12-26,0.661
2011-12-23,0.669
2011-12-22,0.665
2011-12-21,0.665
2011-12-20,0.676
2011-12-19,0.676
2011-12-16,0.678
2011-12-15,0.663
2011-12-14,0.688
2011-12-13,0.697
2011-12-12,0.714
2011-12-09,0.722
2011-12-08,0.73
2011-12-07,0.732
2011-12-06,0.728
2011-12-05,0.73
2011-12-02,0.745
2011-12-01,0.759
2011-11-30,0.738
2011-11-29,0.766
2011-11-28,0.753
2011-11-25,0.751
2011-11-24,0.757
2011-11-23,0.758
2011-11-22,0.767
2011-11-21,0.767
2011-11-18,0.769
2011-11-17,0.788
2011-11-16,0.791
2011-11-15,0.814
2011-11-14,0.817
2011-11-11,0.799
2011-11-10,0.8
2011-11-09,0.813
2011-11-08,0.806
2011-11-07,0.809
2011-11-04,0.816
2011-11-03,0.808
2011-11-02,0.808
2011-11-01,0.798
2011-10-31,0.8
2011-10-28,0.801
2011-10-27,0.781
2011-10-26,0.78
2011-10-25,0.774
2011-10-24,0.753
2011-10-21,0.732
2011-10-20,0.738
2011-10-19,0.765
2011-10-18,0.77
2011-10-17,0.796
2011-10-14,0.794
2011-10-13,0.796
2011-10-12,0.789
2011-10-11,0.765
2011-10-10,0.779
2011-09-30,0.788
2011-09-29,0.792
2011-09-28,0.802
2011-09-27,0.808
2011-09-26,0.8
2011-09-23,0.818
2011-09-22,0.825
2011-09-21,0.85
2011-09-20,0.825
2011-09-19,0.819
2011-09-16,0.837
2011-09-15,0.835
2011-09-14,0.835
2011-09-13,0.831
2011-09-09,0.842
2011-09-08,0.844
2011-09-07,0.848
2011-09-06,0.83
2011-09-05,0.84
2011-09-02,0.862
2011-09-01,0.874
2011-08-31,0.876
2011-08-30,0.874
2011-08-29,0.875
2011-08-26,0.888
2011-08-25,0.889
2011-08-24,0.861
2011-08-23,0.869
2011-08-22,0.854
2011-08-19,0.861
2011-08-18,0.878
2011-08-17,0.892
2011-08-16,0.899
2011-08-15,0.905
2011-08-12,0.899
2011-08-11,0.895
2011-08-10,0.884
2011-08-09,0.877
2011-08-08,0.878
2011-08-05,0.907
2011-08-04,0.921
2011-08-03,0.919
2011-08-02,0.921
2011-08-01,0.923
2011-07-29,0.917
2011-07-28,0.922
2011-07-27,0.918
2011-07-26,0.906
2011-07-25,0.905
2011-07-22,0.931
2011-07-21,0.927
2011-07-20,0.936
2011-07-19,0.936
2011-07-18,0.939
2011-07-15,0.942
2011-07-14,0.937
2011-07-13,0.931
2011-07-12,0.916
2011-07-11,0.929
2011-07-08,0.93
2011-07-07,0.927
2011-07-06,0.928
2011-07-05,0.929
2011-07-04,0.929
2011-07-01,0.91
2011-06-30,0.903
2011-06-29,0.888
2011-06-28,0.899
2011-06-27,0.895
2011-06-24,0.887
2011-06-23,0.871
2011-06-22,0.856
2011-06-21,0.857
2011-06-20,0.847
2011-06-17,0.85
2011-06-16,0.856
2011-06-15,0.867
2011-06-14,0.875
2011-06-13,0.864
2011-06-10,0.865
2011-06-09,0.864
2011-06-08,0.878
2011-06-07,0.879
2011-06-03,0.874
2011-06-02,0.864
2011-06-01,0.877
2011-05-31,0.874
2011-05-30,0.86
2011-05-27,0.868
2011-05-26,0.871
2011-05-25,0.879
2011-05-24,0.884
2011-05-23,0.883
2011-05-20,0.908
2011-05-19,0.904
2011-05-18,0.913
2011-05-17,0.907
2011-05-16,0.901
2011-05-13,0.909
2011-05-12,0.897
2011-05-11,0.911
2011-05-10,0.911
2011-05-09,0.903
2011-05-06,0.899
2011-05-05,0.906
2011-05-04,0.911
2011-05-03,0.94
2011-04-29,0.939
2011-04-28,0.93
2011-04-27,0.944
2011-04-26,0.949
2011-04-25,0.957
2011-04-22,0.978
2011-04-21,0.988
2011-04-20,0.978
2011-04-19,0.976
2011-04-18,0.998
2011-04-15,0.998
2011-04-14,1.0
2011-04-13,1.008
2011-04-12,0.997
2011-04-11,1.007
2011-04-08,1.014
2011-04-07,1.004
2011-04-06,1.001
2011-04-01,0.986
2011-03-31,0.967
2011-03-30,0.975
2011-03-29,0.983
2011-03-28,0.995
2011-03-25,0.992
2011-03-24,0.978
2011-03-23,0.981
2011-03-22,0.966
2011-03-21,0.965
2011-03-18,0.967
2011-03-17,0.958
2011-03-16,0.974
2011-03-15,0.957
2011-03-14,0.974
2011-03-11,0.974
2011-03-10,0.981
2011-03-09,1.005
2011-03-08,1.006
2011-03-07,1.009
2011-03-04,0.976
2011-03-03,0.961
2011-03-02,0.974
2011-03-01,0.98
2011-02-28,0.973
2011-02-25,0.961
2011-02-24,0.96
2011-02-23,0.953
2011-02-22,0.951
2011-02-21,0.985
2011-02-18,0.97
2011-02-17,0.981
2011-02-16,0.986
2011-02-15,0.969
2011-02-14,0.971
2011-02-11,0.933
2011-02-10,0.93
2011-02-09,0.905
2011-02-01,0.932
2011-01-31,0.926
2011-01-28,0.918
2011-01-27,0.913
2011-01-26,0.894
2011-01-25,0.883
2011-01-24,0.885
2011-01-21,0.909
2011-01-20,0.9
2011-01-19,0.936
2011-01-18,0.911
2011-01-17,0.913
2011-01-14,0.952
2011-01-13,0.976
2011-01-12,0.979
2011-01-11,0.979
2011-01-10,0.973
2011-01-07,1.001
2011-01-06,1.01
2011-01-05,1.012
2011-01-04,1.012
2010-12-31,0.986
2010-12-30,0.95
2010-12-29,0.945
2010-12-28,0.943
2010-12-27,0.961
2010-12-24,0.975
2010-12-23,0.987
2010-12-22,0.991
2010-12-21,1.006
2010-12-20,0.986
2010-12-17,0.998
2010-12-16,1.003
2010-12-15,1.021
2010-12-14,1.026
2010-12-13,1.024
2010-12-10,0.992
2010-12-09,0.98
2010-12-08,0.996
2010-12-07,1.001
2010-12-06,0.986
2010-12-03,0.985
2010-12-02,0.986
2010-12-01,0.98
2010-11-30,0.983
2010-11-29,0.991
2010-11-26,0.997
2010-11-25,1.007
2010-11-24,0.995
2010-11-23,0.967
2010-11-22,0.982
2010-11-19,0.986
2010-11-18,0.975
2010-11-17,0.954
2010-11-16,0.978
2010-11-15,1.024
2010-11-12,1.025
2010-11-11,1.092
2010-11-10,1.09
2010-11-09,1.095
2010-11-08,1.096
2010-11-05,1.087
2010-11-04,1.076
2010-11-03,1.058
2010-11-02,1.076
2010-11-01,1.08
2010-10-29,1.039
2010-10-28,1.035
2010-10-27,1.038
2010-10-26,1.052
2010-10-25,1.061
2010-10-22,1.026
2010-10-21,1.012
2010-10-20,1.007
2010-10-19,0.987
2010-10-18,0.961
2010-10-15,0.972
2010-10-14,0.953
2010-10-13,0.963
2010-10-12,0.951
2010-10-11,0.939
2010-10-08,0.937
2010-09-30,0.916
2010-09-29,0.905
2010-09-28,0.913
2010-09-27,0.915
2010-09-21,0.898
2010-09-20,0.895
2010-09-17,0.9
2010-09-16,0.896
2010-09-15,0.91
2010-09-14,0.927
2010-09-13,0.927
2010-09-10,0.916
2010-09-09,0.91
2010-09-08,0.922
2010-09-07,0.917
2010-09-06,0.916
2010-09-03,0.908
2010-09-02,0.906
2010-09-01,0.896
2010-08-31,0.901
2010-08-30,0.899
2010-08-27,0.885
2010-08-26,0.882
2010-08-25,0.88
2010-08-24,0.895
2010-08-23,0.889
2010-08-20,0.89
2010-08-19,0.903
2010-08-18,0.902
2010-08-17,0.905
2010-08-16,0.899
2010-08-13,0.884
2010-08-12,0.875
2010-08-11,0.881
2010-08-10,0.877
2010-08-09,0.9
2010-08-06,0.894
2010-08-05,0.883
2010-08-04,0.885
2010-08-03,0.882
2010-08-02,0.893
2010-07-30,0.878
2010-07-29,0.879
2010-07-28,0.882
2010-07-27,0.868
2010-07-26,0.868
2010-07-23,0.863
2010-07-22,0.858
2010-07-21,0.85
2010-07-20,0.845
2010-07-19,0.827
2010-07-16,0.81
2010-07-15,0.809
2010-07-14,0.82
2010-07-13,0.817
2010-07-12,0.827
2010-07-09,0.821
2010-07-08,0.801
2010-07-07,0.803
2010-07-06,0.797
2010-07-05,0.782
2010-07-02,0.782
2010-07-01,0.784
2010-06-30,0.799
2010-06-29,0.808
2010-06-28,0.84
2010-06-25,0.85
2010-06-24,0.862
2010-06-23,0.861
2010-06-22,0.87
2010-06-21,0.867
2010-06-18,0.85
2010-06-17,0.878
2010-06-11,0.891
2010-06-10,0.893
2010-06-09,0.892
2010-06-08,0.873
2010-06-07,0.868
2010-06-04,0.873
2010-06-03,0.869
2010-06-02,0.872
2010-06-01,0.864
2010-05-31,0.868
2010-05-28,0.887
2010-05-27,0.886
2010-05-26,0.873
2010-05-25,0.873
2010-05-24,0.882
2010-05-21,0.855
2010-05-20,0.841
2010-05-19,0.847
2010-05-18,0.844
2010-05-17,0.838
2010-05-14,0.877
2010-05-13,0.877
2010-05-12,0.854
2010-05-11,0.864
2010-05-10,0.879
2010-05-07,0.884
2010-05-06,0.897
2010-05-05,0.925
2010-05-04,0.912
2010-04-30,0.914
2010-04-29,0.93
2010-04-28,0.956
2010-04-27,0.956
2010-04-26,0.975
2010-04-23,0.98
2010-04-22,0.99
2010-04-21,0.988
2010-04-20,0.964
2010-04-19,0.957
2010-04-16,0.991
2010-04-15,0.993
2010-04-14,1.003
2010-04-13,0.994
2010-04-12,0.996
2010-04-09,0.99
2010-04-08,0.979
2010-04-07,0.98
2010-04-06,0.982
2010-04-02,0.983
2010-04-01,0.976
2010-03-31,0.965
2010-03-30,0.966
2010-03-29,0.962
2010-03-26,0.954
2010-03-25,0.944
2010-03-24,0.952
2010-03-23,0.947
2010-03-22,0.949
2010-03-19,0.943
2010-03-18,0.939
2010-03-17,0.939
2010-03-16,0.922
2010-03-15,0.921
2010-03-12,0.932
2010-03-11,0.942
2010-03-10,0.948
2010-03-09,0.957
2010-03-08,0.956
2010-03-05,0.949
2010-03-04,0.947
2010-03-03,0.971
2010-03-02,0.966
2010-03-01,0.971
2010-02-26,0.966
2010-02-25,0.965
2010-02-24,0.954
2010-02-23,0.938
2010-02-22,0.941
2010-02-12,0.945
2010-02-11,0.939
2010-02-10,0.937
2010-02-09,0.922
2010-02-08,0.92
2010-02-05,0.919
2010-02-04,0.936
2010-02-03,0.934
2010-02-02,0.921
2010-02-01,0.927
2010-01-29,0.937
2010-01-28,0.935
2010-01-27,0.923
2010-01-26,0.927
2010-01-25,0.954
2010-01-22,0.963
2010-01-21,0.983
2010-01-20,0.983
2010-01-19,1.015
2010-01-18,1.014
2010-01-15,1.009
2010-01-14,1.003
2010-01-13,0.986
2010-01-12,1.005
2010-01-11,0.988
2010-01-08,0.988
2010-01-07,0.988
2010-01-06,1.005
2010-01-05,1.007
2010-01-04,1.004
2009-12-31,1.013
2009-12-30,1.008
2009-12-29,1.001
2009-12-28,0.998
2009-12-25,0.987
2009-12-24,0.987
2009-12-23,0.963
2009-12-22,0.955
2009-12-21,0.976
2009-12-18,0.974
2009-12-17,1.0
2009-12-16,1.016
2009-12-15,1.024
2009-12-14,1.03
2009-12-11,1.026
2009-12-10,1.025
2009-12-09,1.023
2009-12-08,1.038
2009-12-07,1.048
2009-12-04,1.039
2009-12-03,1.029
2009-12-02,1.033
2009-12-01,1.023
2009-11-30,1.012
2009-11-27,0.98
2009-11-26,1.001
2009-11-25,1.036
2009-11-24,1.018
2009-11-23,1.043
2009-11-20,1.038
2009-11-19,1.041
2009-11-18,1.036
2009-11-17,1.037
2009-11-16,1.039
2009-11-13,1.012
2009-11-12,1.011
2009-11-11,1.01
2009-11-10,1.013
2009-11-09,1.005
2009-11-06,1.005
2009-11-05,1.004
2009-11-04,1.005
2009-11-03,1.002
2009-11-02,0.992
2009-10-30,0.962
2009-10-29,0.954
2009-10-28,0.971
2009-10-27,0.969
2009-10-26,0.991
2009-10-23,0.994
2009-10-22,0.979
2009-10-21,0.983
2009-10-20,0.984
2009-10-19,0.976
2009-10-16,0.955
2009-10-15,0.952
2009-10-14,0.948
2009-10-13,0.941
2009-10-12,0.931
2009-10-09,0.934
2009-09-30,0.899
2009-09-29,0.891
2009-09-28,0.89
2009-09-25,0.909
2009-09-24,0.913
2009-09-23,0.905
2009-09-22,0.918
2009-09-21,0.936
2009-09-18,0.938
2009-09-17,0.961
2009-09-16,0.951
2009-09-15,0.968
2009-09-14,0.963
2009-09-11,0.951
2009-09-10,0.934
2009-09-09,0.94
2009-09-08,0.932
2009-09-07,0.912
2009-09-04,0.907
2009-09-03,0.902
2009-09-02,0.86
2009-09-01,0.846
2009-08-31,0.841
2009-08-28,0.9
2009-08-27,0.939
2009-08-26,0.949
2009-08-25,0.939
2009-08-24,0.979
2009-08-21,0.973
2009-08-20,0.957
2009-08-19,0.914
2009-08-18,0.965
2009-08-17,0.962
2009-08-14,1.023
2009-08-13,1.048
2009-08-12,1.029
2009-08-11,1.065
2009-08-10,1.06
2009-08-07,1.066
2009-08-06,1.094
2009-08-05,1.119
2009-08-04,1.141
2009-08-03,1.14
2009-07-31,1.136
2009-07-30,1.107
2009-07-29,1.088
2009-07-28,1.15
2009-07-27,1.152
2009-07-24,1.138
2009-07-23,1.135
2009-07-22,1.116
2009-07-21,1.095
2009-07-20,1.109
2009-07-17,1.094
2009-07-16,1.09
2009-07-15,1.082
2009-07-14,1.076
2009-07-13,1.048
2009-07-10,1.064
2009-07-09,1.064
2009-07-08,1.055
2009-07-07,1.047
2009-07-06,1.062
2009-07-03,1.057
2009-07-02,1.038
2009-07-01,1.027
2009-06-30,1.009
2009-06-29,1.011
2009-06-26,0.991
2009-06-25,0.988
2009-06-24,0.986
2009-06-23,0.98
2009-06-22,0.982
2009-06-19,0.988
2009-06-18,0.981
2009-06-17,0.969
2009-06-16,0.955
2009-06-15,0.958
2009-06-12,0.94
2009-06-11,0.954
2009-06-10,0.961
2009-06-09,0.953
2009-06-08,0.945
2009-06-05,0.943
2009-06-04,0.945
2009-06-03,0.947
2009-06-02,0.936
2009-06-01,0.933
2009-05-27,0.909
2009-05-26,0.901
2009-05-25,0.904
2009-05-22,0.9
2009-05-21,0.904
2009-05-20,0.922
2009-05-19,0.928
2009-05-18,0.924
2009-05-15,0.915
2009-05-14,0.913
2009-05-13,0.913
2009-05-12,0.905
2009-05-11,0.892
2009-05-08,0.91
2009-05-07,0.906
2009-05-06,0.911
2009-05-05,0.901
2009-05-04,0.899
2009-04-30,0.879
2009-04-29,0.872
2009-04-28,0.857
2009-04-27,0.852
2009-04-24,0.87
2009-04-23,0.876
2009-04-22,0.873
2009-04-21,0.901
2009-04-20,0.91
2009-04-17,0.894
2009-04-16,0.903
2009-04-15,0.903
2009-04-14,0.897
2009-04-13,0.891
2009-04-10,0.874
2009-04-09,0.855
2009-04-08,0.849
2009-04-07,0.865
2009-04-03,0.862
2009-04-02,0.869
2009-04-01,0.865
2009-03-31,0.852
2009-03-30,0.848
2009-03-27,0.852
2009-03-26,0.849
2009-03-25,0.84
2009-03-24,0.857
2009-03-23,0.858
2009-03-20,0.846
2009-03-19,0.848
2009-03-18,0.838
2009-03-17,0.835
2009-03-16,0.818
2009-03-13,0.814
2009-03-12,0.817
2009-03-11,0.819
2009-03-10,0.822
2009-03-09,0.812
2009-03-06,0.834
2009-03-05,0.843
2009-03-04,0.846
2009-03-03,0.811
2009-03-02,0.813
2009-02-27,0.808
2009-02-26,0.822
2009-02-25,0.851
2009-02-24,0.853
2009-02-23,0.878
2009-02-20,0.866
2009-02-19,0.855
2009-02-18,0.846
2009-02-17,0.873
2009-02-16,0.887
2009-02-13,0.873
2009-02-12,0.851
2009-02-11,0.855
2009-02-10,0.851
2009-02-09,0.842
2009-02-06,0.827
2009-02-05,0.806
2009-02-04,0.812
2009-02-03,0.805
2009-02-02,0.79
2009-01-23,0.785
2009-01-22,0.788
2009-01-21,0.78
2009-01-20,0.784
2009-01-19,0.783
2009-01-16,0.781
2009-01-15,0.774
2009-01-14,0.775
2009-01-13,0.758
2009-01-12,0.773
2009-01-09,0.774
2009-01-08,0.767
2009-01-07,0.777
2009-01-06,0.78
2009-01-05,0.766
2008-12-31,0.747
2008-12-30,0.75
2008-12-29,0.752
2008-12-26,0.751
2008-12-25,0.754
2008-12-24,0.757
2008-12-23,0.763
2008-12-22,0.788
2008-12-19,0.795
2008-12-18,0.792
2008-12-17,0.781
2008-12-16,0.775
2008-12-15,0.765
2008-12-12,0.758
2008-12-11,0.782
2008-12-10,0.795
2008-12-09,0.784
2008-12-08,0.797
2008-12-05,0.777
2008-12-04,0.772
2008-12-03,0.766
2008-12-02,0.741
2008-12-01,0.741
2008-11-28,0.731
2008-11-27,0.737
2008-11-26,0.727
2008-11-25,0.723
2008-11-24,0.724
2008-11-21,0.744
2008-11-20,0.748
2008-11-19,0.758
2008-11-18,0.729
2008-11-17,0.766
2008-11-14,0.753
2008-11-13,0.733
2008-11-12,0.709
2008-11-11,0.704
2008-11-10,0.707
2008-11-07,0.673
2008-11-06,0.671
2008-11-05,0.684
2008-11-04,0.668
2008-11-03,0.676
2008-10-31,0.68
2008-10-30,0.689
2008-10-29,0.682
2008-10-28,0.691
2008-10-27,0.681
2008-10-24,0.712
2008-10-23,0.721
2008-10-22,0.721
2008-10-21,0.731
2008-10-20,0.731
2008-10-17,0.72
2008-10-16,0.718
2008-10-15,0.744
2008-10-14,0.751
2008-10-13,0.764
2008-10-10,0.754
2008-10-09,0.778
2008-10-08,0.787
2008-10-07,0.802
2008-10-06,0.808
2008-09-30,0.842
2008-09-26,0.842
2008-09-25,0.838
2008-09-24,0.815
2008-09-23,0.807
2008-09-22,0.831
2008-09-19,0.805
2008-09-18,0.757
2008-09-17,0.766
2008-09-16,0.778
2008-09-12,0.802
2008-09-11,0.802
2008-09-10,0.815
2008-09-09,0.816
2008-09-08,0.811
2008-09-05,0.82
2008-09-04,0.831
2008-09-03,0.831
2008-09-02,0.843
2008-09-01,0.853
2008-08-29,0.866
2008-08-28,0.855
2008-08-27,0.853
2008-08-26,0.866
2008-08-25,0.887
2008-08-22,0.891
2008-08-21,0.904
2008-08-20,0.926
2008-08-19,0.885
2008-08-18,0.882
2008-08-15,0.912
2008-08-14,0.911
2008-08-13,0.908
2008-08-12,0.905
2008-08-11,0.903
2008-08-08,0.932
2008-08-07,0.954
2008-08-06,0.955
2008-08-05,0.958
2008-08-04,0.979
2008-08-01,0.988
2008-07-31,0.985
2008-07-30,1.002
2008-07-29,1.008
2008-07-28,1.017
2008-07-25,1.01
2008-07-24,1.016
2008-07-23,1.001
2008-07-22,1.008
2008-07-21,1.009
2008-07-18,0.985
2008-07-17,0.971
2008-07-16,0.973
2008-07-15,0.992
2008-07-14,1.015
2008-07-11,1.007
2008-07-10,1.011
2008-07-09,1.022
2008-07-08,1.004
2008-07-07,0.995
2008-07-04,0.967
2008-07-03,0.976
2008-07-02,0.956
2008-07-01,0.954
2008-06-30,0.969
2008-06-27,0.979
2008-06-26,1.012
2008-06-25,1.012
2008-06-24,0.986
2008-06-23,0.974
2008-06-20,0.991
2008-06-19,0.978
2008-06-18,1.02
2008-06-17,0.99
2008-06-16,1.012
2008-06-13,1.023
2008-06-12,1.04
2008-06-11,1.055
2008-06-10,1.063
2008-06-06,1.114
2008-06-05,1.118
2008-06-04,1.128
2008-06-03,1.139
2008-06-02,1.138
2008-05-30,1.135
2008-05-29,1.139
2008-05-28,1.155
2008-05-27,1.135
2008-05-26,1.134
2008-05-23,1.147
2008-05-22,1.157
2008-05-21,1.167
2008-05-20,1.154
2008-05-19,1.197
2008-05-16,1.202
2008-05-15,1.205
2008-05-14,1.207
2008-05-13,1.184
2008-05-12,1.191
2008-05-09,1.181
2008-05-08,1.185
2008-05-07,1.156
2008-05-06,1.184
2008-05-05,1.193
2008-04-30,1.176
2008-04-29,1.142
2008-04-28,1.13
2008-04-25,1.146
2008-04-24,1.15
2008-04-23,1.086
2008-04-22,1.051
2008-04-21,1.046
2008-04-18,1.045
2008-04-17,1.059
2008-04-16,1.081
2008-04-15,1.093
2008-04-14,1.088
2008-04-11,1.13
2008-04-10,1.12
2008-04-09,1.112
2008-04-08,1.149
2008-04-07,1.138
2008-04-03,1.099
2008-04-02,1.087
2008-04-01,1.097
2008-03-31,1.134
2008-03-28,1.155
2008-03-27,1.123
2008-03-26,1.151
2008-03-25,1.148
2008-03-24,1.138
2008-03-21,1.176
2008-03-20,1.165
2008-03-19,1.142
2008-03-18,1.119
2008-03-17,1.157
2008-03-14,1.194
2008-03-13,1.21
2008-03-12,1.231
2008-03-11,1.26
2008-03-10,1.26
2008-03-07,1.3
2008-03-06,1.308
2008-03-05,1.301
2008-03-04,1.317
2008-03-03,1.34
2008-02-29,1.31
2008-02-28,1.301
2008-02-27,1.302
2008-02-26,1.282
2008-02-25,1.286
2008-02-22,1.314
2008-02-21,1.352
2008-02-20,1.351
2008-02-19,1.377
2008-02-18,1.357
2008-02-15,1.336
2008-02-14,1.356
2008-02-13,1.345
2008-02-05,1.373
2008-02-04,1.381
2008-02-01,1.305
2008-01-31,1.306
2008-01-30,1.323
2008-01-29,1.336
2008-01-28,1.333
2008-01-25,1.399
2008-01-24,1.387
2008-01-23,1.376
2008-01-22,1.325
2008-01-21,1.39
2008-01-18,1.445
2008-01-17,1.443
2008-01-16,1.469
2008-01-15,1.517
2008-01-14,1.528
2008-01-11,1.511
2008-01-10,1.502
2008-01-09,1.483
2008-01-08,1.469
2008-01-07,1.465
2008-01-04,1.454
2008-01-03,1.446
2008-01-02,1.443
2007-12-31,1.447
2007-12-29,1.447
2007-12-28,1.447
2007-12-27,1.446
2007-12-26,1.422
2007-12-25,1.413
2007-12-24,1.409
2007-12-21,1.393
2007-12-20,1.379
2007-12-19,1.365
2007-12-18,1.341
2007-12-17,1.339
2007-12-14,1.376
2007-12-13,1.345
2007-12-12,1.388
2007-12-11,1.402
2007-12-10,1.403
2007-12-07,1.392
2007-12-06,1.37
2007-12-05,1.372
2007-12-04,1.337
2007-12-03,1.317
2007-11-30,1.301
2007-11-29,1.319
2007-11-28,1.279
2007-11-27,1.3
2007-11-26,1.325
2007-11-23,1.339
2007-11-22,1.32
2007-11-21,1.374
2007-11-20,1.386
2007-11-19,1.357
2007-11-16,1.367
2007-11-15,1.392
2007-11-14,1.413
2007-11-13,1.364
2007-11-12,1.373
2007-11-09,1.366
2007-11-08,1.383
2007-11-07,1.443
2007-11-06,1.446
2007-11-05,1.445
2007-11-02,1.479
2007-11-01,1.517
2007-10-31,1.538
2007-10-30,1.511
2007-10-29,1.507
2007-10-26,1.479
2007-10-25,1.453
2007-10-24,1.5
2007-10-23,1.486
2007-10-22,1.463
2007-10-19,1.489
2007-10-18,1.484
2007-10-17,1.535
2007-10-16,1.556
2007-10-15,1.534
2007-10-12,1.519
2007-10-11,1.535
2007-10-10,1.519
2007-10-09,1.509
2007-10-08,1.518
2007-09-30,1.489
2007-09-28,1.489
2007-09-27,1.448
2007-09-26,1.436
2007-09-25,1.455
2007-09-24,1.469
2007-09-21,1.452
2007-09-20,1.471
2007-09-19,1.459
2007-09-18,1.47
2007-09-17,1.494
2007-09-14,1.478
2007-09-13,1.462
2007-09-12,1.419
2007-09-11,1.406
2007-09-10,1.463
2007-09-07,1.439
2007-09-06,1.465
2007-09-05,1.448
2007-09-04,1.453
2007-09-03,1.485
2007-08-31,1.455
2007-08-30,1.424
2007-08-29,1.411
2007-08-28,1.434
2007-08-27,1.431
2007-08-24,1.423
2007-08-23,1.404
2007-08-22,1.386
2007-08-21,1.373
2007-08-20,1.356
2007-08-17,1.284
2007-08-16,1.315
2007-08-15,1.342
2007-08-14,1.338
2007-08-13,1.328
2007-08-10,1.33
2007-08-09,1.348
2007-08-08,1.316
2007-08-07,1.33
2007-08-06,1.328
2007-08-03,1.307
2007-08-02,1.257
2007-08-01,1.221
2007-07-31,1.252
2007-07-30,1.235
2007-07-27,1.213
2007-07-26,1.213
2007-07-25,1.206
2007-07-24,1.198
2007-07-23,1.199
2007-07-20,1.162
2007-07-19,1.132
2007-07-18,1.135
2007-07-17,1.13
2007-07-16,2.323
2007-07-13,2.371
2007-07-12,2.363
2007-07-11,2.34
2007-07-10,2.339
2007-07-09,2.362
2007-07-06,2.312
2007-07-05,2.229
2007-07-04,2.334
2007-07-03,2.373
2007-07-02,2.342
2007-06-30,2.352
2007-06-29,2.352
2007-06-28,2.418
2007-06-27,2.511
2007-06-26,2.453
2007-06-25,2.43
2007-06-22,2.485
2007-06-21,2.528
2007-06-20,2.491
2007-06-19,2.515
2007-06-18,2.53
2007-06-15,2.474
2007-06-14,2.455
2007-06-13,2.473
2007-06-12,2.439
2007-06-11,2.384
2007-06-08,2.288
2007-06-07,2.267
2007-06-06,2.211
2007-06-05,2.188
2007-06-04,2.12
2007-06-01,2.255
2007-05-31,2.273
2007-05-30,2.215
2007-05-29,2.372
2007-05-28,2.32
2007-05-25,2.27
2007-05-24,2.219
2007-05-23,2.236
2007-05-22,2.221
2007-05-21,2.211
2007-05-18,2.199
2007-05-17,2.203
2007-05-16,2.165
2007-05-15,2.108
2007-05-14,2.153
2007-05-11,2.124
2007-05-10,2.138
2007-05-09,2.126
2007-05-08,2.134
2007-04-30,2.089
2007-04-27,2.062
2007-04-26,2.107
2007-04-25,2.092
2007-04-24,2.086
2007-04-23,2.083
2007-04-20,2.025
2007-04-19,1.948
2007-04-18,2.006
2007-04-17,1.997
2007-04-16,2.015
2007-04-13,1.963
2007-04-12,1.97
2007-04-11,1.934
2007-04-10,1.906
2007-04-09,1.879
2007-04-06,1.861
2007-04-05,1.861
2007-04-04,1.854
2007-04-03,1.838
2007-04-02,1.821
2007-03-31,1.777
2007-03-30,1.777
2007-03-29,1.779
2007-03-28,1.79
2007-03-27,1.783
2007-03-26,1.789
2007-03-23,1.766
2007-03-22,1.767
2007-03-21,1.752
2007-03-20,1.743
2007-03-19,1.753
2007-03-16,1.701
2007-03-15,1.726
2007-03-14,1.694
2007-03-13,1.715
2007-03-12,1.712
2007-03-09,1.707
2007-03-08,1.707
2007-03-07,1.695
2007-03-06,1.654
2007-03-05,1.612
2007-03-02,1.645
2007-03-01,1.619
2007-02-28,1.658
2007-02-27,1.633
2007-02-26,1.777
2007-02-16,1.785
2007-02-15,1.783
2007-02-14,1.742
2007-02-13,1.71
2007-02-12,1.697
2007-02-09,1.646
2007-02-08,1.662
2007-02-07,1.66
2007-02-06,1.614
2007-02-05,1.605
2007-02-02,1.637
2007-02-01,1.705
2007-01-31,1.713
2007-01-30,1.951
2007-01-29,1.969
2007-01-26,1.938
2007-01-25,1.89
2007-01-24,1.938
2007-01-23,1.905
2007-01-22,1.874
2007-01-19,1.812
2007-01-18,1.765
2007-01-17,1.785
2007-01-16,1.806
2007-01-15,1.748
2007-01-12,1.667
2007-01-11,1.68
2007-01-10,1.705
2007-01-09,1.666
2007-01-08,1.589
2007-01-05,1.556
2007-01-04,1.581
2006-12-31,1.567
2006-12-29,1.567
2006-12-28,1.521
2006-12-27,1.517
2006-12-26,1.477
2006-12-25,1.468
2006-12-22,1.43
2006-12-21,1.437
2006-12-20,1.463
2006-12-19,1.461
2006-12-18,1.472
2006-12-15,1.425
2006-12-14,1.39
2006-12-13,1.372
2006-12-12,1.368
2006-12-11,1.349
2006-12-08,1.292
2006-12-07,1.329
2006-12-06,1.326
2006-12-05,1.342
2006-12-04,1.337
2006-12-01,1.301
2006-11-30,1.291
2006-11-29,1.246
2006-11-28,1.222
2006-11-27,1.226
2006-11-24,1.223
2006-11-23,1.228
2006-11-22,1.22
2006-11-21,1.214
2006-11-20,1.203
2006-11-17,1.17
2006-11-16,1.148
2006-11-15,1.142
2006-11-14,1.106
2006-11-13,1.096
2006-11-10,1.113
2006-11-09,1.116
2006-11-08,1.089
2006-11-07,1.102
2006-11-06,1.095
2006-11-03,1.074
2006-11-02,1.072
2006-11-01,1.077
2006-10-31,1.072
2006-10-30,1.058
2006-10-27,1.055
2006-10-26,1.065
2006-10-25,1.056
2006-10-24,1.046
2006-10-23,1.029
2006-10-20,1.04
2006-10-19,1.036
2006-10-18,1.034
2006-10-17,1.022
2006-10-16,1.024
2006-10-13,1.032
2006-10-12,1.031
2006-10-11,1.037
2006-10-10,1.039
2006-10-09,1.038
2006-09-30,1.027
2006-09-29,1.027
2006-09-28,1.022
2006-09-27,1.014
2006-09-26,1.011
2006-09-25,1.015
2006-09-22,1.017
2006-09-21,1.018
2006-09-20,1.015
2006-09-19,1.014
2006-09-18,1.011
2006-09-15,1.01
2006-09-14,1.005
2006-09-13,1.004
2006-09-12,1.003
2006-09-11,1.001
2006-09-08,1.0
2006-09-07,0.999
2006-09-06,1.002
2006-09-05,1.002
2006-09-04,1.001
2006-09-01,0.998
2006-08-31,1.001
2006-08-30,1.001
2006-08-29,1.001
2006-08-28,0.999
2006-08-25,0.994
2006-08-24,0.994
2006-08-23,0.993
2006-08-22,0.992
2006-08-21,0.989
2006-08-18,0.989
2006-08-17,0.989
2006-08-16,0.992
2006-08-15,0.989
2006-08-14,0.987
2006-08-11,0.991
2006-08-10,0.99
2006-08-09,0.987
2006-08-08,0.988
2006-08-07,0.985
2006-08-04,0.985
2006-07-28,0.99
2006-07-21,0.992
2006-07-14,0.993
2006-07-07,1.0
2006-06-30,1.0
2006-06-28,1.0
